{
    "textures":[
        {
            "color":[
                0.400000,0.400000,0.400000]
            ,"opacity":1.000000,"specular":0.150000,"diffuse":0.800000,"ambient":0.300000}
        ,{
            "color":[
                0.400000,0.400000,0.400000]
            ,"opacity":1.000000,"specular":0.150000,"diffuse":0.800000,"ambient":0.300000}
        ,{
            "color":[
                0.427451,0.847059,0.176471]
            ,"opacity":1.000000,"specular":0.150000,"diffuse":0.800000,"ambient":0.300000}
        ,{
            "color":[
                0.777800,0.777800,0.777800]
            ,"opacity":1.000000,"specular":0.150000,"diffuse":0.800000,"ambient":0.300000}
        ]
    ,"lights":[
        {
            "color":[
                0.000000,1.000000,0.000000]
            ,"position":[
                -0.000000,39.267865,-87.690644]
            }
        ]
    ,"camera":{
        "position":[
            -0.000000,39.267865,-87.690644]
        ,"lookat":[
            0.000000,0.000000,0.000000]
        ,"updir":[
            0.000000,1.000000,0.000000]
        }
    ,"objects":{
        "spheres":[
            {
                "radius":1.500000,"center":[
                    -7.828489,-0.167669,3.498871]
                ,"texture":1}
            ] }
    }
